{
  "timestamp_utc": "2026-03-21T14:45:51.553197+00:00",
  "event_type": "eval_epoch",
  "elapsed_sec": 550.331,
  "step": 36,
  "epoch": 3,
  "split": "dev",
  "dev/loss_stage1": 1.551779866218567,
  "dev/loss_stage2": 4.068899134794871,
  "dev/loss_stage3": 6.0976985692977905,
  "dev/loss_total": 12.732777198155722,
  "dev/stage1_lm_loss": 1.551779866218567,
  "dev/stage2_bce_loss": 4.253299485271175,
  "dev/stage2_dice_loss": 0.97112464490864,
  "dev/stage3_ce_loss": 6.0976985692977905,
  "dev/stage3_episode_acc": 0.5,
  "dev/stage1_recall@0.5": 0.7727272727272727,
  "dev/stage1_precision@0.5": 0.85,
  "dev/stage2_mIoU": 0.0,
  "dev/stage3_acc": 0.045454545454545456,
  "dev/stage3_matched_acc": 0.058823529411764705,
  "dev/pred_items_per_image": 1.6666666666666667,
  "dev/latency_stage1_ms": 4953.361666666667,
  "dev/latency_stage2_ms": 92.10666666666667,
  "dev/latency_stage3_ms": 57.035833333333336,
  "dev/latency_total_ms": 5102.508333333333,
  "dev/combined": 0.8181818181818181,
  "dev/early_stop_monitor": 0.8181818181818181,
  "system/cpu_percent": 12.2,
  "system/ram_used_gb": 92.017,
  "system/ram_total_gb": 188.564,
  "gpu/index": 0,
  "gpu/name": "NVIDIA GeForce RTX 5090",
  "gpu/mem_allocated_gb": 10.374,
  "gpu/mem_reserved_gb": 11.033,
  "gpu/mem_peak_allocated_gb": 26.199
}