{
  "timestamp_utc": "2026-03-21T15:27:15.426008+00:00",
  "event_type": "eval_epoch",
  "elapsed_sec": 613.322,
  "step": 36,
  "epoch": 3,
  "split": "dev",
  "dev/loss_stage1": 1.5476244340340297,
  "dev/loss_stage2": 0.8812562177578608,
  "dev/loss_stage3": 1.3810763855775197,
  "dev/loss_total": 4.059867084026337,
  "dev/stage1_lm_loss": 1.5476244340340297,
  "dev/stage2_bce_loss": 0.28068067020891857,
  "dev/stage2_dice_loss": 0.3704579290416506,
  "dev/stage3_ce_loss": 1.3810763855775197,
  "dev/stage3_episode_acc": 0.45454545454545453,
  "dev/stage1_recall@0.5": 0.7727272727272727,
  "dev/stage1_precision@0.5": 0.85,
  "dev/stage2_mIoU": 0.4904551693086756,
  "dev/stage3_acc": 0.18181818181818182,
  "dev/stage3_matched_acc": 0.23529411764705882,
  "dev/pred_items_per_image": 1.6666666666666667,
  "dev/latency_stage1_ms": 4909.503333333333,
  "dev/latency_stage2_ms": 100.4775,
  "dev/latency_stage3_ms": 61.96333333333333,
  "dev/latency_total_ms": 5071.945833333333,
  "dev/combined": 1.4450006238541302,
  "dev/early_stop_monitor": 1.4450006238541302,
  "system/cpu_percent": 13.6,
  "system/ram_used_gb": 94.092,
  "system/ram_total_gb": 188.564,
  "gpu/index": 0,
  "gpu/name": "NVIDIA GeForce RTX 5090",
  "gpu/mem_allocated_gb": 10.34,
  "gpu/mem_reserved_gb": 10.943,
  "gpu/mem_peak_allocated_gb": 26.119
}