{
  "timestamp_utc": "2026-03-21T14:14:20.846936+00:00",
  "event_type": "eval_epoch",
  "elapsed_sec": 547.903,
  "step": 36,
  "epoch": 3,
  "split": "dev",
  "dev/loss_stage1": 1.547524298230807,
  "dev/loss_stage2": 4.077593088150024,
  "dev/loss_stage3": 6.301068027814229,
  "dev/loss_total": 13.037922859191895,
  "dev/stage1_lm_loss": 1.547524298230807,
  "dev/stage2_bce_loss": 4.270679286163714,
  "dev/stage2_dice_loss": 0.971126692990462,
  "dev/stage3_ce_loss": 6.301068027814229,
  "dev/stage3_episode_acc": 0.3181818181818182,
  "dev/stage1_recall@0.5": 0.7727272727272727,
  "dev/stage1_precision@0.5": 0.85,
  "dev/stage2_mIoU": 0.0,
  "dev/stage3_acc": 0.0,
  "dev/stage3_matched_acc": 0.0,
  "dev/pred_items_per_image": 1.6666666666666667,
  "dev/latency_stage1_ms": 4852.866666666667,
  "dev/latency_stage2_ms": 93.2525,
  "dev/latency_stage3_ms": 82.09583333333333,
  "dev/latency_total_ms": 5028.216666666667,
  "dev/combined": 0.7727272727272727,
  "dev/early_stop_monitor": 0.7727272727272727,
  "system/cpu_percent": 15.4,
  "system/ram_used_gb": 89.725,
  "system/ram_total_gb": 188.564,
  "gpu/index": 0,
  "gpu/name": "NVIDIA GeForce RTX 5090",
  "gpu/mem_allocated_gb": 10.302,
  "gpu/mem_reserved_gb": 10.904,
  "gpu/mem_peak_allocated_gb": 26.176
}