{
  "timestamp_utc": "2026-03-21T20:26:27.213176+00:00",
  "event_type": "train_step",
  "elapsed_sec": 1244.662,
  "step": 88,
  "epoch": 8,
  "split": "train",
  "train_step/loss_stage1": 0.8069104552268982,
  "train_step/loss_stage2": 0.9788578748703003,
  "train_step/loss_stage3": 0.958984375,
  "train_step/loss_total": 2.734816074371338,
  "train_step/stage1_lm_loss": 0.8069104552268982,
  "train_step/stage2_bce_loss": 0.2759952172636986,
  "train_step/stage2_dice_loss": 0.42043012380599976,
  "train_step/stage3_ce_loss": 0.958984375,
  "train_step/stage3_acc": 1.0,
  "train_step/lr": 4.760892901743944e-06,
  "train_step/grad_norm": 16.05343246459961,
  "train_step/data_time_sec": 0.0009130809921771288,
  "train_step/step_time_sec": 1.007581220997963,
  "train_step/samples_per_sec": 7.939806571698871,
  "train_step/use_gt_boxes": 1,
  "train_step/teacher_forcing_prob": 1.0,
  "train_step/accum_target": 8,
  "system/cpu_percent": 13.1,
  "system/ram_used_gb": 84.219,
  "system/ram_total_gb": 188.564,
  "gpu/index": 0,
  "gpu/name": "NVIDIA GeForce RTX 5090",
  "gpu/mem_allocated_gb": 10.339,
  "gpu/mem_reserved_gb": 28.457,
  "gpu/mem_peak_allocated_gb": 26.128
}