{
  "timestamp_utc": "2026-03-21T22:50:53.133984+00:00",
  "event_type": "eval_epoch",
  "elapsed_sec": 6750.835,
  "step": 480,
  "epoch": 40,
  "split": "dev",
  "dev/loss_stage1": 1.1815947592258453,
  "dev/loss_stage2": 0.7955611298481623,
  "dev/loss_stage3": 1.08102077866594,
  "dev/loss_total": 3.20090651512146,
  "dev/stage1_lm_loss": 1.1815947592258453,
  "dev/stage2_bce_loss": 0.24519719857360342,
  "dev/stage2_dice_loss": 0.33648126034273035,
  "dev/stage3_ce_loss": 1.08102077866594,
  "dev/stage3_episode_acc": 0.6363636363636364,
  "dev/stage1_recall@0.5": 0.8636363636363636,
  "dev/stage1_precision@0.5": 0.76,
  "dev/stage2_mIoU": 0.5733921838932934,
  "dev/stage3_acc": 0.5,
  "dev/stage3_matched_acc": 0.5789473684210527,
  "dev/pred_items_per_image": 2.0833333333333335,
  "dev/latency_stage1_ms": 5975.005833333333,
  "dev/latency_stage2_ms": 101.30749999999999,
  "dev/latency_stage3_ms": 68.20416666666667,
  "dev/latency_total_ms": 6144.5216666666665,
  "dev/combined": 1.937028547529657,
  "dev/early_stop_monitor": 3.20090651512146,
  "system/cpu_percent": 11.5,
  "system/ram_used_gb": 125.625,
  "system/ram_total_gb": 188.564,
  "gpu/index": 0,
  "gpu/name": "NVIDIA GeForce RTX 5090",
  "gpu/mem_allocated_gb": 10.334,
  "gpu/mem_reserved_gb": 10.773,
  "gpu/mem_peak_allocated_gb": 26.135
}