{
  "timestamp_utc": "2026-03-21T13:49:57.790222+00:00",
  "event_type": "train_step",
  "elapsed_sec": 633.28,
  "step": 43,
  "epoch": 4,
  "split": "train",
  "train_step/loss_stage1": 1.8006707429885864,
  "train_step/loss_stage2": 2.348923683166504,
  "train_step/loss_stage3": 5.368340015411377,
  "train_step/loss_total": 11.027643203735352,
  "train_step/stage1_lm_loss": 1.8006707429885864,
  "train_step/stage2_bce_loss": 1.3524269660313923,
  "train_step/stage2_dice_loss": 0.9964964985847473,
  "train_step/stage3_ce_loss": 5.368340015411377,
  "train_step/stage3_acc": 0.6000000238418579,
  "train_step/lr": 1.9907407407407407e-06,
  "train_step/grad_norm": 13.129711151123047,
  "train_step/data_time_sec": 0.0007716840045759454,
  "train_step/step_time_sec": 1.0888541089952923,
  "train_step/samples_per_sec": 7.347173449509927,
  "train_step/use_gt_boxes": 1,
  "train_step/accum_target": 8,
  "system/cpu_percent": 14.9,
  "system/ram_used_gb": 90.133,
  "system/ram_total_gb": 188.564,
  "gpu/index": 0,
  "gpu/name": "NVIDIA GeForce RTX 5090",
  "gpu/mem_allocated_gb": 10.284,
  "gpu/mem_reserved_gb": 29.025,
  "gpu/mem_peak_allocated_gb": 26.047
}