{
  "timestamp_utc": "2026-03-21T13:37:03.136102+00:00",
  "event_type": "train_step",
  "elapsed_sec": 79.815,
  "step": 5,
  "epoch": 1,
  "split": "train",
  "train_step/loss_stage1": 2.3021624088287354,
  "train_step/loss_stage2": 10.72274398803711,
  "train_step/loss_stage3": 5.889062404632568,
  "train_step/loss_total": 16.497127532958984,
  "train_step/stage1_lm_loss": 2.3021624088287354,
  "train_step/stage2_bce_loss": 9.722750663757324,
  "train_step/stage2_dice_loss": 0.9999938011169434,
  "train_step/stage3_ce_loss": 5.889062404632568,
  "train_step/stage3_acc": 0.0,
  "train_step/lr": 3.623188405797102e-07,
  "train_step/grad_norm": 20.797273635864258,
  "train_step/data_time_sec": 0.0008367679984075949,
  "train_step/step_time_sec": 1.085240860003978,
  "train_step/samples_per_sec": 7.371635454244393,
  "train_step/use_gt_boxes": 1,
  "system/cpu_percent": 13.5,
  "system/ram_used_gb": 84.501,
  "system/ram_total_gb": 188.564,
  "gpu/index": 0,
  "gpu/name": "NVIDIA GeForce RTX 5090",
  "gpu/mem_allocated_gb": 10.243,
  "gpu/mem_reserved_gb": 27.646,
  "gpu/mem_peak_allocated_gb": 25.905
}