{
  "timestamp_utc": "2026-03-21T19:38:58.438706+00:00",
  "event_type": "train_interval",
  "elapsed_sec": 1598.004,
  "step": 40,
  "epoch": 4,
  "split": "train",
  "train_step/loss_stage1": 1.7165497541427612,
  "train_step/loss_stage2": 1.024588930606842,
  "train_step/loss_stage3": 0.8782958969473839,
  "train_step/loss_total": 3.5462881088256837,
  "train_step/stage1_lm_loss": 1.7165497541427612,
  "train_step/stage2_bce_loss": 0.25866564015547433,
  "train_step/stage2_dice_loss": 0.44762804607550305,
  "train_step/stage3_ce_loss": 0.8782958969473839,
  "train_step/stage3_acc": 0.5166666686534882,
  "train_step/lr": 4.9916696925079315e-06,
  "train_step/grad_norm": 17.091497707366944,
  "train_step/data_time_sec": 0.0008772440021857619,
  "train_step/step_time_sec": 13.857527351897442,
  "train_step/samples_per_sec": 4.299132744038376,
  "train_step/use_gt_boxes": 0.6,
  "train_step/accum_target": 7.7,
  "system/cpu_percent": 0.0,
  "system/ram_used_gb": 59.838,
  "system/ram_total_gb": 188.564,
  "gpu/index": 0,
  "gpu/name": "NVIDIA GeForce RTX 5090",
  "gpu/mem_allocated_gb": 10.373,
  "gpu/mem_reserved_gb": 24.846,
  "gpu/mem_peak_allocated_gb": 26.133
}