{
  "timestamp_utc": "2026-03-21T13:38:54.390445+00:00",
  "event_type": "train_step",
  "elapsed_sec": 42.501,
  "step": 1,
  "epoch": 1,
  "split": "train",
  "train_step/loss_stage1": 1.2617130279541016,
  "train_step/loss_stage2": 3.5014617443084717,
  "train_step/loss_stage3": 5.634542465209961,
  "train_step/loss_total": 11.464258193969727,
  "train_step/stage1_lm_loss": 1.2617130279541016,
  "train_step/stage2_bce_loss": 2.5970067977905273,
  "train_step/stage2_dice_loss": 0.9044550359249115,
  "train_step/stage3_ce_loss": 5.634542465209961,
  "train_step/stage3_acc": 0.4000000059604645,
  "train_step/lr": 4.8076923076923085e-08,
  "train_step/grad_norm": 16.940675735473633,
  "train_step/data_time_sec": 0.0005873899935977533,
  "train_step/step_time_sec": 1.1693547580071026,
  "train_step/samples_per_sec": 6.841379782500024,
  "train_step/use_gt_boxes": 1,
  "train_step/accum_target": 8,
  "system/cpu_percent": 14.8,
  "system/ram_used_gb": 86.937,
  "system/ram_total_gb": 188.564,
  "gpu/index": 0,
  "gpu/name": "NVIDIA GeForce RTX 5090",
  "gpu/mem_allocated_gb": 10.244,
  "gpu/mem_reserved_gb": 26.635,
  "gpu/mem_peak_allocated_gb": 25.052
}