{
  "timestamp_utc": "2026-03-21T20:04:16.575281+00:00",
  "event_type": "train_step",
  "elapsed_sec": 889.042,
  "step": 14,
  "epoch": 2,
  "split": "train",
  "train_step/loss_stage1": 2.0600831508636475,
  "train_step/loss_stage2": 0.9674526453018188,
  "train_step/loss_stage3": 0.84375,
  "train_step/loss_total": 3.809434413909912,
  "train_step/stage1_lm_loss": 2.0600831508636475,
  "train_step/stage2_bce_loss": 0.22531530261039734,
  "train_step/stage2_dice_loss": 0.4273974895477295,
  "train_step/stage3_ce_loss": 0.84375,
  "train_step/stage3_acc": 0.0,
  "train_step/lr": 2.916666666666667e-06,
  "train_step/grad_norm": 27.587242126464844,
  "train_step/data_time_sec": 0.0009297929937019944,
  "train_step/step_time_sec": 31.972166483988985,
  "train_step/samples_per_sec": 0.25021763864535856,
  "train_step/use_gt_boxes": 0,
  "train_step/teacher_forcing_prob": 0.8,
  "train_step/accum_target": 8,
  "system/cpu_percent": 8.3,
  "system/ram_used_gb": 79.318,
  "system/ram_total_gb": 188.564,
  "gpu/index": 0,
  "gpu/name": "NVIDIA GeForce RTX 5090",
  "gpu/mem_allocated_gb": 10.322,
  "gpu/mem_reserved_gb": 25.109,
  "gpu/mem_peak_allocated_gb": 26.059
}