{
  "timestamp_utc": "2026-03-21T15:14:13.462197+00:00",
  "event_type": "eval_epoch",
  "elapsed_sec": 554.76,
  "step": 36,
  "epoch": 3,
  "split": "dev",
  "dev/loss_stage1": 1.5465886741876602,
  "dev/loss_stage2": 0.8817479958136877,
  "dev/loss_stage3": 6.050254702568054,
  "dev/loss_total": 11.06284475326538,
  "dev/stage1_lm_loss": 1.5465886741876602,
  "dev/stage2_bce_loss": 0.2808027861432897,
  "dev/stage2_dice_loss": 0.37067329966359663,
  "dev/stage3_ce_loss": 6.050254702568054,
  "dev/stage3_episode_acc": 0.4090909090909091,
  "dev/stage1_recall@0.5": 0.7727272727272727,
  "dev/stage1_precision@0.5": 0.85,
  "dev/stage2_mIoU": 0.4906862607336754,
  "dev/stage3_acc": 0.09090909090909091,
  "dev/stage3_matched_acc": 0.11764705882352941,
  "dev/pred_items_per_image": 1.6666666666666667,
  "dev/latency_stage1_ms": 5085.645833333333,
  "dev/latency_stage2_ms": 101.77666666666669,
  "dev/latency_stage3_ms": 66.46249999999999,
  "dev/latency_total_ms": 5253.884166666666,
  "dev/combined": 1.354322624370039,
  "dev/early_stop_monitor": 1.354322624370039,
  "system/cpu_percent": 16.0,
  "system/ram_used_gb": 97.89,
  "system/ram_total_gb": 188.564,
  "gpu/index": 0,
  "gpu/name": "NVIDIA GeForce RTX 5090",
  "gpu/mem_allocated_gb": 10.34,
  "gpu/mem_reserved_gb": 11.279,
  "gpu/mem_peak_allocated_gb": 26.053
}